ID;GAME_NAME;BEHAVIOUR;PLAY_PURCHASE;NONE
151603712;The Elder Scrolls V Skyrim;purchase;1.0;0
151603712;The Elder Scrolls V Skyrim;play;273.0;0
151603712;Fallout 4;purchase;1.0;0
151603712;Fallout 4;play;87.0;0
151603712;Spore;purchase;1.0;0
151603712;Spore;play;14.9;0
151603712;Fallout New Vegas;purchase;1.0;0
151603712;Fallout New Vegas;play;12.1;0
151603712;Left 4 Dead 2;purchase;1.0;0
151603712;Left 4 Dead 2;play;8.9;0
151603712;HuniePop;purchase;1.0;0
151603712;HuniePop;play;8.5;0
151603712;Path of Exile;purchase;1.0;0
151603712;Path of Exile;play;8.1;0
151603712;Poly Bridge;purchase;1.0;0
151603712;Poly Bridge;play;7.5;0
151603712;Left 4 Dead;purchase;1.0;0
151603712;Left 4 Dead;play;3.3;0
151603712;Team Fortress 2;purchase;1.0;0
151603712;Team Fortress 2;play;2.8;0
151603712;Tomb Raider;purchase;1.0;0
151603712;Tomb Raider;play;2.5;0
151603712;The Banner Saga;purchase;1.0;0
151603712;The Banner Saga;play;2.0;0
151603712;Dead Island Epidemic;purchase;1.0;0
151603712;Dead Island Epidemic;play;1.4;0
151603712;BioShock Infinite;purchase;1.0;0
151603712;BioShock Infinite;play;1.3;0
151603712;Dragon Age Origins - Ultimate Edition;purchase;1.0;0
151603712;Dragon Age Origins - Ultimate Edition;play;1.3;0
151603712;Fallout 3 - Game of the Year Edition;purchase;1.0;0
151603712;Fallout 3 - Game of the Year Edition;play;0.8;0
151603712;SEGA Genesis & Mega Drive Classics;purchase;1.0;0
151603712;SEGA Genesis & Mega Drive Classics;play;0.8;0
151603712;Grand Theft Auto IV;purchase;1.0;0
151603712;Grand Theft Auto IV;play;0.6;0
151603712;Realm of the Mad God;purchase;1.0;0
151603712;Realm of the Mad God;play;0.5;0
151603712;Marvel Heroes 2015;purchase;1.0;0
151603712;Marvel Heroes 2015;play;0.5;0
151603712;Eldevin;purchase;1.0;0
151603712;Eldevin;play;0.5;0
151603712;Dota 2;purchase;1.0;0
151603712;Dota 2;play;0.5;0
151603712;BioShock;purchase;1.0;0
151603712;BioShock;play;0.5;0
151603712;Robocraft;purchase;1.0;0
151603712;Robocraft;play;0.4;0
151603712;Garry's Mod;purchase;1.0;0
151603712;Garry's Mod;play;0.1;0
151603712;Jazzpunk;purchase;1.0;0
151603712;Jazzpunk;play;0.1;0
151603712;Alan Wake;purchase;1.0;0
151603712;BioShock 2;purchase;1.0;0
151603712;Fallen Earth;purchase;1.0;0
151603712;Fallout New Vegas Courier's Stash;purchase;1.0;0
151603712;Fallout New Vegas Dead Money;purchase;1.0;0
151603712;Fallout New Vegas Honest Hearts;purchase;1.0;0
151603712;Grand Theft Auto Episodes from Liberty City;purchase;1.0;0
151603712;Hitman Absolution;purchase;1.0;0
151603712;HuniePop Official Digital Art Collection;purchase;1.0;0
151603712;HuniePop Original Soundtrack;purchase;1.0;0
151603712;The Banner Saga - Mod Content;purchase;1.0;0
151603712;The Elder Scrolls V Skyrim - Dawnguard;purchase;1.0;0
151603712;The Elder Scrolls V Skyrim - Dragonborn;purchase;1.0;0
151603712;The Elder Scrolls V Skyrim - Hearthfire;purchase;1.0;0
187131847;Dota 2;purchase;1.0;0
187131847;Dota 2;play;2.3;0
59945701;Ultra Street Fighter IV;purchase;1.0;0
59945701;Ultra Street Fighter IV;play;238.0;0
59945701;FINAL FANTASY XIII;purchase;1.0;0
59945701;FINAL FANTASY XIII;play;84.0;0
59945701;The Elder Scrolls V Skyrim;purchase;1.0;0
59945701;The Elder Scrolls V Skyrim;play;58.0;0
59945701;Sid Meier's Civilization V;purchase;1.0;0
59945701;Sid Meier's Civilization V;play;22.0;0
59945701;L.A. Noire;purchase;1.0;0
59945701;L.A. Noire;play;13.8;0
59945701;Company of Heroes Tales of Valor;purchase;1.0;0
59945701;Company of Heroes Tales of Valor;play;10.2;0
59945701;7 Days to Die;purchase;1.0;0
59945701;7 Days to Die;play;7.8;0
59945701;Divekick;purchase;1.0;0
59945701;Divekick;play;7.0;0
59945701;FINAL FANTASY VII;purchase;1.0;0
59945701;FINAL FANTASY VII;play;5.2;0
59945701;Orcs Must Die! 2;purchase;1.0;0
59945701;Orcs Must Die! 2;play;4.8;0
59945701;Killing Floor;purchase;1.0;0
59945701;Killing Floor;play;3.4;0
59945701;Company of Heroes;purchase;1.0;0
59945701;Company of Heroes;play;3.2;0
59945701;Bastion;purchase;1.0;0
59945701;Bastion;play;2.8;0
59945701;Undertale;purchase;1.0;0
59945701;Undertale;play;2.6;0
59945701;Counter-Strike Global Offensive;purchase;1.0;0
59945701;Counter-Strike Global Offensive;play;2.3;0
59945701;Orcs Must Die!;purchase;1.0;0
59945701;Orcs Must Die!;play;0.7;0
59945701;THE KING OF FIGHTERS XIII STEAM EDITION;purchase;1.0;0
59945701;THE KING OF FIGHTERS XIII STEAM EDITION;play;0.6;0
59945701;GUILTY GEAR XX ACCENT CORE PLUS R;purchase;1.0;0
59945701;GUILTY GEAR XX ACCENT CORE PLUS R;play;0.5;0
59945701;Skullgirls;purchase;1.0;0
59945701;Skullgirls;play;0.4;0
59945701;Assassin's Creed II;purchase;1.0;0
59945701;Assassin's Creed II;play;0.3;0
59945701;Company of Heroes Opposing Fronts;purchase;1.0;0
59945701;Company of Heroes Opposing Fronts;play;0.1;0
59945701;Team Fortress 2;purchase;1.0;0
59945701;Team Fortress 2;play;0.1;0
59945701;Guilty Gear X2 #Reload;purchase;1.0;0
59945701;Left 4 Dead 2;purchase;1.0;0
59945701;Psychonauts;purchase;1.0;0
59945701;Cities in Motion 2;purchase;1.0;0
59945701;Company of Heroes (New Steam Version);purchase;1.0;0
59945701;Company of Heroes 2;purchase;1.0;0
59945701;Fallout New Vegas;purchase;1.0;0
59945701;Fallout New Vegas Courier's Stash;purchase;1.0;0
59945701;Fallout New Vegas Dead Money;purchase;1.0;0
59945701;Fallout New Vegas Honest Hearts;purchase;1.0;0
59945701;Garry's Mod;purchase;1.0;0
59945701;Killing Floor Mod Defence Alliance 2;purchase;1.0;0
59945701;Magicka;purchase;1.0;0
59945701;Magicka Vietnam;purchase;1.0;0
59945701;Natural Selection 2;purchase;1.0;0
59945701;Psychonauts Demo;purchase;1.0;0
59945701;Sanctum;purchase;1.0;0
59945701;Sanctum 2;purchase;1.0;0
59945701;Serious Sam 3 BFE;purchase;1.0;0
59945701;Skullgirls Endless Beta;purchase;1.0;0
59945701;Skyrim High Resolution Texture Pack;purchase;1.0;0
53875128;Grand Theft Auto V;purchase;1.0;0
53875128;Grand Theft Auto V;play;86.0;0
53875128;Insurgency;purchase;1.0;0
53875128;Insurgency;play;72.0;0
53875128;Left 4 Dead 2;purchase;1.0;0
53875128;Left 4 Dead 2;play;71.0;0
53875128;METAL GEAR SOLID V THE PHANTOM PAIN;purchase;1.0;0
53875128;METAL GEAR SOLID V THE PHANTOM PAIN;play;59.0;0
53875128;S.T.A.L.K.E.R. Shadow of Chernobyl;purchase;1.0;0
53875128;S.T.A.L.K.E.R. Shadow of Chernobyl;play;54.0;0
53875128;S.T.A.L.K.E.R. Call of Pripyat;purchase;1.0;0
53875128;S.T.A.L.K.E.R. Call of Pripyat;play;50.0;0
53875128;Saints Row The Third;purchase;1.0;0
53875128;Saints Row The Third;play;35.0;0
53875128;Far Cry 3;purchase;1.0;0
53875128;Far Cry 3;play;35.0;0
53875128;S.T.A.L.K.E.R. Clear Sky;purchase;1.0;0
53875128;S.T.A.L.K.E.R. Clear Sky;play;35.0;0
53875128;Rocket League;purchase;1.0;0
53875128;Rocket League;play;34.0;0
53875128;Assassin's Creed II;purchase;1.0;0
53875128;Assassin's Creed II;play;33.0;0
53875128;Far Cry 4;purchase;1.0;0
53875128;Far Cry 4;play;32.0;0
53875128;Prototype;purchase;1.0;0
53875128;Prototype;play;25.0;0
53875128;Space Pirates and Zombies;purchase;1.0;0
53875128;Space Pirates and Zombies;play;24.0;0
53875128;Dying Light;purchase;1.0;0
53875128;Dying Light;play;23.0;0
53875128;Just Cause 2;purchase;1.0;0
53875128;Just Cause 2;play;23.0;0
53875128;Mirror's Edge;purchase;1.0;0
53875128;Mirror's Edge;play;23.0;0
53875128;Mad Max;purchase;1.0;0
53875128;Mad Max;play;22.0;0
53875128;Portal 2;purchase;1.0;0
53875128;Portal 2;play;21.0;0
53875128;Deus Ex Human Revolution;purchase;1.0;0
53875128;Deus Ex Human Revolution;play;21.0;0
53875128;Middle-earth Shadow of Mordor;purchase;1.0;0
53875128;Middle-earth Shadow of Mordor;play;19.6;0
53875128;RUNNING WITH RIFLES;purchase;1.0;0
53875128;RUNNING WITH RIFLES;play;18.5;0
53875128;Deus Ex Human Revolution - Director's Cut;purchase;1.0;0
53875128;Deus Ex Human Revolution - Director's Cut;play;18.3;0
53875128;Batman Arkham City GOTY;purchase;1.0;0
53875128;Batman Arkham City GOTY;play;16.9;0
53875128;Tropico 4;purchase;1.0;0
53875128;Tropico 4;play;14.3;0
53875128;Cave Story+;purchase;1.0;0
53875128;Cave Story+;play;13.7;0
53875128;Dust An Elysian Tail;purchase;1.0;0
53875128;Dust An Elysian Tail;play;13.4;0
53875128;F.E.A.R.;purchase;1.0;0
53875128;F.E.A.R.;play;12.5;0
53875128;South Park The Stick of Truth;purchase;1.0;0
53875128;South Park The Stick of Truth;play;12.2;0
53875128;Sleeping Dogs;purchase;1.0;0
53875128;Sleeping Dogs;play;11.5;0
53875128;Watch_Dogs;purchase;1.0;0
53875128;Watch_Dogs;play;11.2;0
53875128;Saints Row IV;purchase;1.0;0
53875128;Saints Row IV;play;11.1;0
53875128;DayZ;purchase;1.0;0
53875128;DayZ;play;11.0;0
53875128;Half-Life 2;purchase;1.0;0
53875128;Half-Life 2;play;10.2;0
53875128;Reassembly;purchase;1.0;0
53875128;Reassembly;play;10.1;0
53875128;Sid Meier's Civilization III Complete;purchase;1.0;0
53875128;Sid Meier's Civilization III Complete;play;9.8;0
53875128;The Talos Principle;purchase;1.0;0
53875128;The Talos Principle;play;9.8;0
53875128;DiRT 3;purchase;1.0;0
53875128;DiRT 3;play;9.7;0
53875128;FTL Faster Than Light;purchase;1.0;0
53875128;FTL Faster Than Light;play;9.7;0
53875128;Bastion;purchase;1.0;0
53875128;Bastion;play;9.6;0
53875128;Age of Empires II HD Edition;purchase;1.0;0
53875128;Age of Empires II HD Edition;play;9.0;0
53875128;Batman Arkham Asylum GOTY Edition;purchase;1.0;0
53875128;Batman Arkham Asylum GOTY Edition;play;8.9;0
53875128;Gunpoint;purchase;1.0;0
53875128;Gunpoint;play;8.6;0
53875128;Rebuild 3 Gangs of Deadsville;purchase;1.0;0
53875128;Rebuild 3 Gangs of Deadsville;play;8.4;0
53875128;Recettear An Item Shop's Tale;purchase;1.0;0
53875128;Recettear An Item Shop's Tale;play;8.3;0
53875128;Metro 2033;purchase;1.0;0
53875128;Metro 2033;play;7.8;0
53875128;Monaco;purchase;1.0;0
53875128;Monaco;play;7.6;0
53875128;Fallout New Vegas;purchase;1.0;0
53875128;Fallout New Vegas;play;7.5;0
53875128;Overgrowth;purchase;1.0;0
53875128;Overgrowth;play;7.3;0
53875128;Assassin's Creed III;purchase;1.0;0
53875128;Assassin's Creed III;play;7.2;0
53875128;Ori and the Blind Forest;purchase;1.0;0
53875128;Ori and the Blind Forest;play;7.0;0
53875128;Far Cry 3 Blood Dragon;purchase;1.0;0
53875128;Far Cry 3 Blood Dragon;play;6.7;0
53875128;Burnout Paradise The Ultimate Box;purchase;1.0;0
53875128;Burnout Paradise The Ultimate Box;play;6.6;0
53875128;PROTOTYPE 2;purchase;1.0;0
53875128;PROTOTYPE 2;play;6.4;0
53875128;Game Dev Tycoon;purchase;1.0;0
53875128;Game Dev Tycoon;play;6.4;0
53875128;Sniper Elite 3;purchase;1.0;0
53875128;Sniper Elite 3;play;6.2;0
53875128;Gratuitous Space Battles;purchase;1.0;0
53875128;Gratuitous Space Battles;play;6.0;0
53875128;Sid Meier's Civilization V;purchase;1.0;0
53875128;Sid Meier's Civilization V;play;5.9;0
53875128;Rogue Legacy;purchase;1.0;0
53875128;Rogue Legacy;play;5.7;0
53875128;Plague Inc Evolved;purchase;1.0;0
53875128;Plague Inc Evolved;play;5.6;0
53875128;From Dust;purchase;1.0;0
53875128;From Dust;play;5.6;0
53875128;Next Car Game Wreckfest;purchase;1.0;0
53875128;Next Car Game Wreckfest;play;5.5;0
53875128;Rivals of Aether;purchase;1.0;0
53875128;Rivals of Aether;play;5.5;0
53875128;Half-Life 2 Episode Two;purchase;1.0;0
53875128;Half-Life 2 Episode Two;play;5.5;0
53875128;Rise of Nations Extended Edition;purchase;1.0;0
53875128;Rise of Nations Extended Edition;play;5.2;0
53875128;Nidhogg;purchase;1.0;0
53875128;Nidhogg;play;4.9;0
53875128;Spec Ops The Line;purchase;1.0;0
53875128;Spec Ops The Line;play;4.4;0
53875128;Dishonored;purchase;1.0;0
53875128;Dishonored;play;4.3;0
53875128;Half-Life 2 Episode One;purchase;1.0;0
53875128;Half-Life 2 Episode One;play;4.2;0
53875128;Wolfenstein The New Order;purchase;1.0;0
53875128;Wolfenstein The New Order;play;4.0;0
53875128;Distance;purchase;1.0;0
53875128;Distance;play;4.0;0
53875128;Epic Battle Fantasy 4;purchase;1.0;0
53875128;Epic Battle Fantasy 4;play;4.0;0
53875128;Metro Last Light;purchase;1.0;0
53875128;Metro Last Light;play;3.7;0
53875128;Miasmata;purchase;1.0;0
53875128;Miasmata;play;3.4;0
53875128;Dead Space;purchase;1.0;0
53875128;Dead Space;play;3.3;0
53875128;Hotline Miami;purchase;1.0;0
53875128;Hotline Miami;play;3.2;0
53875128;NOT A HERO;purchase;1.0;0
53875128;NOT A HERO;play;3.0;0
53875128;Receiver;purchase;1.0;0
53875128;Receiver;play;2.9;0
53875128;Crypt of the NecroDancer;purchase;1.0;0
53875128;Crypt of the NecroDancer;play;2.8;0
53875128;Portal;purchase;1.0;0
53875128;Portal;play;2.8;0
53875128;F.E.A.R. 2 Project Origin;purchase;1.0;0
53875128;F.E.A.R. 2 Project Origin;play;2.8;0
53875128;NaissanceE;purchase;1.0;0
53875128;NaissanceE;play;2.7;0
53875128;SteamWorld Dig;purchase;1.0;0
53875128;SteamWorld Dig;play;2.6;0
53875128;Kairo;purchase;1.0;0
53875128;Kairo;play;2.5;0
53875128;SNOW;purchase;1.0;0
53875128;SNOW;play;2.5;0
53875128;The Binding of Isaac;purchase;1.0;0
53875128;The Binding of Isaac;play;2.4;0
53875128;LEGO The Lord of the Rings;purchase;1.0;0
53875128;LEGO The Lord of the Rings;play;2.2;0
53875128;METAL GEAR RISING REVENGEANCE;purchase;1.0;0
53875128;METAL GEAR RISING REVENGEANCE;play;2.2;0
53875128;Starpoint Gemini 2;purchase;1.0;0
53875128;Starpoint Gemini 2;play;2.0;0
53875128;The Vanishing of Ethan Carter;purchase;1.0;0
53875128;The Vanishing of Ethan Carter;play;1.9;0
53875128;Goat Simulator;purchase;1.0;0
53875128;Goat Simulator;play;1.9;0
53875128;Mass Effect;purchase;1.0;0
53875128;Mass Effect;play;1.9;0
53875128;Arma 2 Operation Arrowhead;purchase;1.0;0
53875128;Arma 2 Operation Arrowhead;play;1.8;0
53875128;METAL GEAR SOLID V GROUND ZEROES;purchase;1.0;0
53875128;METAL GEAR SOLID V GROUND ZEROES;play;1.8;0
53875128;Banished;purchase;1.0;0
53875128;Banished;play;1.8;0
53875128;DiRT Showdown;purchase;1.0;0
53875128;DiRT Showdown;play;1.7;0
53875128;Left 4 Dead;purchase;1.0;0
53875128;Left 4 Dead;play;1.7;0
53875128;Sonic Adventure 2 ;purchase;1.0;0
53875128;Sonic Adventure 2 ;play;1.6;0
53875128;Grand Theft Auto IV;purchase;1.0;0
53875128;Grand Theft Auto IV;play;1.5;0
53875128;Battlestations Midway;purchase;1.0;0
53875128;Battlestations Midway;play;1.4;0
53875128;HOARD;purchase;1.0;0
53875128;HOARD;play;1.4;0
53875128;Sunless Sea;purchase;1.0;0
53875128;Sunless Sea;play;1.3;0
53875128;Mark of the Ninja;purchase;1.0;0
53875128;Mark of the Ninja;play;1.3;0
53875128;L.A. Noire;purchase;1.0;0
53875128;L.A. Noire;play;1.3;0
53875128;Creeper World 3 Arc Eternal;purchase;1.0;0
53875128;Creeper World 3 Arc Eternal;play;1.1;0
53875128;Turbo Dismount;purchase;1.0;0
53875128;Turbo Dismount;play;1.1;0
53875128;Floating Point;purchase;1.0;0
53875128;Floating Point;play;1.1;0
53875128;Grow Home;purchase;1.0;0
53875128;Grow Home;play;1.1;0
53875128;LUFTRAUSERS;purchase;1.0;0
53875128;LUFTRAUSERS;play;1.0;0
53875128;Arma 2;purchase;1.0;0
53875128;Arma 2;play;1.0;0
53875128;No Time To Explain Remastered;purchase;1.0;0
53875128;No Time To Explain Remastered;play;0.9;0
53875128;FEZ;purchase;1.0;0
53875128;FEZ;play;0.9;0
53875128;Delver;purchase;1.0;0
53875128;Delver;play;0.9;0
53875128;The Legend of Heroes Trails in the Sky;purchase;1.0;0
53875128;The Legend of Heroes Trails in the Sky;play;0.9;0
53875128;Evoland;purchase;1.0;0
53875128;Evoland;play;0.9;0
53875128;Bleed;purchase;1.0;0
53875128;Bleed;play;0.8;0
53875128;Borderlands 2;purchase;1.0;0
53875128;Borderlands 2;play;0.8;0
53875128;Race The Sun;purchase;1.0;0
53875128;Race The Sun;play;0.8;0
53875128;Shadowgrounds;purchase;1.0;0
53875128;Shadowgrounds;play;0.8;0
53875128;They Bleed Pixels;purchase;1.0;0
53875128;They Bleed Pixels;play;0.8;0
53875128;BioShock;purchase;1.0;0
53875128;BioShock;play;0.8;0
53875128;Trine;purchase;1.0;0
53875128;Trine;play;0.8;0
53875128;Sir, You Are Being Hunted;purchase;1.0;0
53875128;Sir, You Are Being Hunted;play;0.8;0
53875128;Next Car Game Sneak Peek 2.0;purchase;1.0;0
53875128;Next Car Game Sneak Peek 2.0;play;0.7;0
53875128;Symphony;purchase;1.0;0
53875128;Symphony;play;0.7;0
53875128;DLC Quest;purchase;1.0;0
53875128;DLC Quest;play;0.7;0
53875128;Far Cry 2;purchase;1.0;0
53875128;Far Cry 2;play;0.7;0
53875128;The Stanley Parable;purchase;1.0;0
53875128;The Stanley Parable;play;0.6;0
53875128;Freedom Planet;purchase;1.0;0
53875128;Freedom Planet;play;0.6;0
53875128;KHOLAT;purchase;1.0;0
53875128;KHOLAT;play;0.6;0
53875128;Osmos;purchase;1.0;0
53875128;Osmos;play;0.6;0
53875128;Secrets of Rtikon;purchase;1.0;0
53875128;Secrets of Rtikon;play;0.6;0
53875128;Oil Rush;purchase;1.0;0
53875128;Oil Rush;play;0.6;0
53875128;Unepic;purchase;1.0;0
53875128;Unepic;play;0.6;0
53875128;FINAL FANTASY VII;purchase;1.0;0
53875128;FINAL FANTASY VII;play;0.6;0
53875128;The Legend of Korra;purchase;1.0;0
53875128;The Legend of Korra;play;0.5;0
53875128;404Sight;purchase;1.0;0
53875128;404Sight;play;0.5;0
53875128;Dark Souls Prepare to Die Edition;purchase;1.0;0
53875128;Dark Souls Prepare to Die Edition;play;0.5;0
53875128;Gravity Ghost;purchase;1.0;0
53875128;Gravity Ghost;play;0.5;0
53875128;Psychonauts;purchase;1.0;0
53875128;Psychonauts;play;0.5;0
53875128;Rock of Ages;purchase;1.0;0
53875128;Rock of Ages;play;0.5;0
53875128;Spore;purchase;1.0;0
53875128;Spore;play;0.5;0
53875128;Half-Life 2 Lost Coast;purchase;1.0;0
53875128;Half-Life 2 Lost Coast;play;0.5;0
53875128;Galcon Legends;purchase;1.0;0
53875128;Galcon Legends;play;0.5;0
53875128;Air Brawl;purchase;1.0;0
53875128;Air Brawl;play;0.5;0
53875128;Cat Goes Fishing;purchase;1.0;0
53875128;Cat Goes Fishing;play;0.5;0
53875128;One Finger Death Punch;purchase;1.0;0
53875128;One Finger Death Punch;play;0.5;0
53875128;Mind Path to Thalamus Enhanced Edition;purchase;1.0;0
53875128;Mind Path to Thalamus Enhanced Edition;play;0.4;0
53875128;INK;purchase;1.0;0
53875128;INK;play;0.4;0
53875128;Intrusion 2;purchase;1.0;0
53875128;Intrusion 2;play;0.4;0
53875128;Amnesia The Dark Descent;purchase;1.0;0
53875128;Amnesia The Dark Descent;play;0.4;0
53875128;Fieldrunners;purchase;1.0;0
53875128;Fieldrunners;play;0.4;0
53875128;Out There Somewhere;purchase;1.0;0
53875128;Out There Somewhere;play;0.4;0
53875128;KAMI;purchase;1.0;0
53875128;KAMI;play;0.4;0
53875128;Lone Survivor The Director's Cut;purchase;1.0;0
53875128;Lone Survivor The Director's Cut;play;0.4;0
53875128;NightSky;purchase;1.0;0
53875128;NightSky;play;0.4;0
53875128;Frozen Synapse;purchase;1.0;0
53875128;Frozen Synapse;play;0.4;0
53875128;Hammerfight;purchase;1.0;0
53875128;Hammerfight;play;0.4;0
53875128;Spintires;purchase;1.0;0
53875128;Spintires;play;0.4;0
53875128;Ziggurat;purchase;1.0;0
53875128;Ziggurat;play;0.4;0
53875128;AaaaaAAaaaAAAaaAAAAaAAAAA!!! for the Awesome;purchase;1.0;0
53875128;AaaaaAAaaaAAAaaAAAAaAAAAA!!! for the Awesome;play;0.4;0
53875128;Dead Island;purchase;1.0;0
53875128;Dead Island;play;0.3;0
53875128;Superbrothers Sword & Sworcery EP;purchase;1.0;0
53875128;Superbrothers Sword & Sworcery EP;play;0.3;0
53875128;GRID 2;purchase;1.0;0
53875128;GRID 2;play;0.3;0
53875128;Sonic & All-Stars Racing Transformed;purchase;1.0;0
53875128;Sonic & All-Stars Racing Transformed;play;0.3;0
53875128;Call of Juarez Gunslinger;purchase;1.0;0
53875128;Call of Juarez Gunslinger;play;0.3;0
53875128;Crysis 2 Maximum Edition;purchase;1.0;0
53875128;Crysis 2 Maximum Edition;play;0.3;0
53875128;Strike Vector;purchase;1.0;0
53875128;Strike Vector;play;0.3;0
53875128;Prison Architect;purchase;1.0;0
53875128;Prison Architect;play;0.3;0
53875128;Lego Harry Potter;purchase;1.0;0
53875128;Lego Harry Potter;play;0.3;0
53875128;Outlast;purchase;1.0;0
53875128;Outlast;play;0.3;0
53875128;Super Hexagon;purchase;1.0;0
53875128;Super Hexagon;play;0.2;0
53875128;WRC 4 FIA WORLD RALLY CHAMPIONSHIP;purchase;1.0;0
53875128;WRC 4 FIA WORLD RALLY CHAMPIONSHIP;play;0.2;0
53875128;Valkyria Chronicles;purchase;1.0;0
53875128;Valkyria Chronicles;play;0.2;0
53875128;Shatter;purchase;1.0;0
53875128;Shatter;play;0.2;0
53875128;Proteus;purchase;1.0;0
53875128;Proteus;play;0.2;0
53875128;Jamestown;purchase;1.0;0
53875128;Jamestown;play;0.2;0
53875128;Spelunky;purchase;1.0;0
53875128;Spelunky;play;0.2;0
53875128;Astebreed;purchase;1.0;0
53875128;Astebreed;play;0.2;0
53875128;STAR WARS Knights of the Old Republic II The Sith Lords;purchase;1.0;0
53875128;STAR WARS Knights of the Old Republic II The Sith Lords;play;0.2;0
53875128;Phantom Breaker Battle Grounds;purchase;1.0;0
53875128;Phantom Breaker Battle Grounds;play;0.2;0
53875128;Tom Clancy's Splinter Cell Chaos Theory;purchase;1.0;0
53875128;Tom Clancy's Splinter Cell Chaos Theory;play;0.2;0
53875128;The Witcher Enhanced Edition;purchase;1.0;0
53875128;The Witcher Enhanced Edition;play;0.2;0
53875128;Risk of Rain;purchase;1.0;0
53875128;Risk of Rain;play;0.2;0
53875128;Survarium;purchase;1.0;0
53875128;Survarium;play;0.2;0
53875128;Afterlife Empire;purchase;1.0;0
53875128;Afterlife Empire;play;0.2;0
53875128;BattleBlock Theater;purchase;1.0;0
53875128;BattleBlock Theater;play;0.2;0
53875128;Need for Speed Hot Pursuit;purchase;1.0;0
53875128;Need for Speed Hot Pursuit;play;0.2;0
53875128;BIT.TRIP RUNNER;purchase;1.0;0
53875128;BIT.TRIP RUNNER;play;0.1;0
53875128;Coin Crypt;purchase;1.0;0
53875128;Coin Crypt;play;0.1;0
53875128;Skullgirls;purchase;1.0;0
53875128;Skullgirls;play;0.1;0
53875128;The Crew;purchase;1.0;0
53875128;The Crew;play;0.1;0
53875128;Metro Last Light Redux;purchase;1.0;0
53875128;Metro Last Light Redux;play;0.1;0
53875128;Crimzon Clover  WORLD IGNITION;purchase;1.0;0
53875128;Crimzon Clover  WORLD IGNITION;play;0.1;0
53875128;Sonic Generations;purchase;1.0;0
53875128;Sonic Generations;play;0.1;0
53875128;Ethan Meteor Hunter;purchase;1.0;0
53875128;Ethan Meteor Hunter;play;0.1;0
53875128;Reus;purchase;1.0;0
53875128;Reus;play;0.1;0
53875128;Kill The Bad Guy;purchase;1.0;0
53875128;Freaking Meatbags;purchase;1.0;0
53875128;Saints Row 2;purchase;1.0;0
53875128;Dyad;purchase;1.0;0
53875128;Starseed Pilgrim;purchase;1.0;0
53875128;Camera Obscura;purchase;1.0;0
53875128;The Floor is Jelly;purchase;1.0;0
53875128;Super Meat Boy;purchase;1.0;0
53875128;Dustforce;purchase;1.0;0
53875128;Goats on a Bridge;purchase;1.0;0
53875128;System Shock 2;purchase;1.0;0
53875128;Call of Duty Modern Warfare 2 - Multiplayer;purchase;1.0;0
53875128;PixelJunk Shooter;purchase;1.0;0
53875128;And Yet It Moves;purchase;1.0;0
53875128;Arma 2 British Armed Forces;purchase;1.0;0
53875128;Battlefield Bad Company 2;purchase;1.0;0
53875128;Cogs;purchase;1.0;0
53875128;Assassin's Creed IV Black Flag;purchase;1.0;0
53875128;SimCity 4 Deluxe;purchase;1.0;0
53875128;Half-Life Deathmatch Source;purchase;1.0;0
53875128;Arma 2 DayZ Mod;purchase;1.0;0
53875128;Call of Duty Modern Warfare 2;purchase;1.0;0
53875128;Rodina;purchase;1.0;0
53875128;140;purchase;1.0;0
53875128;Age of Empires II HD The Forgotten;purchase;1.0;0
53875128;Age of Empires III Complete Collection;purchase;1.0;0
53875128;Age of Mythology Extended Edition;purchase;1.0;0
53875128;Alan Wake;purchase;1.0;0
53875128;Alice Madness Returns;purchase;1.0;0
53875128;Alien Isolation;purchase;1.0;0
53875128;America's Army 3;purchase;1.0;0
53875128;America's Army Proving Grounds;purchase;1.0;0
53875128;Amnesia A Machine for Pigs;purchase;1.0;0
53875128;Anachronox;purchase;1.0;0
53875128;Antichamber;purchase;1.0;0
53875128;App Game Kit;purchase;1.0;0
53875128;Arma 2 Operation Arrowhead Beta (Obsolete);purchase;1.0;0
53875128;Arma 2 Private Military Company;purchase;1.0;0
53875128;A Story About My Uncle;purchase;1.0;0
53875128;Audiosurf;purchase;1.0;0
53875128;Aveyond 3-1 Lord of Twilight;purchase;1.0;0
53875128;Awesomenauts;purchase;1.0;0
53875128;Axis Game Factory's AGFPRO - Drone Kombat FPS Multi-Player DLC;purchase;1.0;0
53875128;Axis Game Factory's AGFPRO - Zombie Survival Pack DLC;purchase;1.0;0
53875128;Axis Game Factory's AGFPRO 3.0;purchase;1.0;0
53875128;Ballpoint Universe Infinite;purchase;1.0;0
53875128;Beatbuddy Tale of the Guardians;purchase;1.0;0
53875128;Beat Hazard;purchase;1.0;0
53875128;BEEP;purchase;1.0;0
53875128;Betrayer;purchase;1.0;0
53875128;BioShock 2;purchase;1.0;0
53875128;BioShock Infinite;purchase;1.0;0
53875128;BlazBlue Calamity Trigger;purchase;1.0;0
53875128;BlazBlue Continuum Shift Extend;purchase;1.0;0
53875128;Blockland;purchase;1.0;0
53875128;Borderlands;purchase;1.0;0
53875128;Borderlands DLC Claptraps New Robot Revolution;purchase;1.0;0
53875128;Borderlands DLC Mad Moxxi's Underdome Riot;purchase;1.0;0
53875128;Borderlands DLC The Secret Armory of General Knoxx;purchase;1.0;0
53875128;Borderlands DLC The Zombie Island of Dr. Ned;purchase;1.0;0
53875128;Braid;purchase;1.0;0
53875128;Breach & Clear;purchase;1.0;0
53875128;Breath of Death VII ;purchase;1.0;0
53875128;Broken Age;purchase;1.0;0
53875128;Brothers - A Tale of Two Sons;purchase;1.0;0
53875128;Bulletstorm;purchase;1.0;0
53875128;Capsized;purchase;1.0;0
53875128;Castle Crashers;purchase;1.0;0
53875128;Child of Light;purchase;1.0;0
53875128;Cinders;purchase;1.0;0
53875128;Cities Skylines;purchase;1.0;0
53875128;Cloudbuilt;purchase;1.0;0
53875128;Command and Conquer 3 Kane's Wrath;purchase;1.0;0
53875128;Command and Conquer 3 Tiberium Wars;purchase;1.0;0
53875128;Command and Conquer Red Alert 3 - Uprising;purchase;1.0;0
53875128;Company of Heroes;purchase;1.0;0
53875128;Company of Heroes (New Steam Version);purchase;1.0;0
53875128;Company of Heroes Opposing Fronts;purchase;1.0;0
53875128;Company of Heroes Tales of Valor;purchase;1.0;0
53875128;Contagion;purchase;1.0;0
53875128;Cook, Serve, Delicious!;purchase;1.0;0
53875128;Crayon Physics Deluxe;purchase;1.0;0
53875128;Cry of Fear;purchase;1.0;0
53875128;Cthulhu Saves the World ;purchase;1.0;0
53875128;Daikatana;purchase;1.0;0
53875128;Darksiders;purchase;1.0;0
53875128;DARK SOULS II Scholar of the First Sin;purchase;1.0;0
53875128;Dead Island Epidemic;purchase;1.0;0
53875128;Dead Island Riptide;purchase;1.0;0
53875128;Deadlight;purchase;1.0;0
53875128;Deadlight Original Soundtrack;purchase;1.0;0
53875128;Dead Space 2;purchase;1.0;0
53875128;Dear Esther;purchase;1.0;0
53875128;Democracy 3;purchase;1.0;0
53875128;Deus Ex Game of the Year Edition;purchase;1.0;0
53875128;Deus Ex Invisible War;purchase;1.0;0
53875128;Deus Ex The Fall;purchase;1.0;0
53875128;Devil May Cry 4;purchase;1.0;0
53875128;DiRT 3 Complete Edition;purchase;1.0;0
53875128;DmC Devil May Cry;purchase;1.0;0
53875128;Door Kickers;purchase;1.0;0
53875128;Dragon Age Origins - Ultimate Edition;purchase;1.0;0
53875128;Draw a Stickman EPIC;purchase;1.0;0
53875128;E.Y.E Divine Cybermancy;purchase;1.0;0
53875128;Endless Space;purchase;1.0;0
53875128;English Country Tune;purchase;1.0;0
53875128;F.E.A.R. 3;purchase;1.0;0
53875128;F.E.A.R. Extraction Point;purchase;1.0;0
53875128;F.E.A.R. Perseus Mandate;purchase;1.0;0
53875128;Fallen Enchantress Legendary Heroes;purchase;1.0;0
53875128;Fallout 3;purchase;1.0;0
53875128;Fallout New Vegas Courier's Stash;purchase;1.0;0
53875128;Fallout New Vegas Dead Money;purchase;1.0;0
53875128;Fallout New Vegas Honest Hearts;purchase;1.0;0
53875128;Far Cry;purchase;1.0;0
53875128;Far Cry 2 Fortunes Pack;purchase;1.0;0
53875128;FarSky;purchase;1.0;0
53875128;Fieldrunners 2;purchase;1.0;0
53875128;FINAL FANTASY III;purchase;1.0;0
53875128;FINAL FANTASY VIII;purchase;1.0;0
53875128;Finding Teddy;purchase;1.0;0
53875128;Finding Teddy Soundtrack;purchase;1.0;0
53875128;FRACT OSC;purchase;1.0;0
53875128;Galcon Fusion;purchase;1.0;0
53875128;Game Character Hub;purchase;1.0;0
53875128;GameGuru;purchase;1.0;0
53875128;GameGuru - Buildings Pack;purchase;1.0;0
53875128;Geometry Dash;purchase;1.0;0
53875128;Giana Sisters Twisted Dreams;purchase;1.0;0
53875128;Giana Sisters Twisted Dreams - Rise of the Owlverlord;purchase;1.0;0
53875128;Gigantic Army;purchase;1.0;0
53875128;Gods Will Be Watching;purchase;1.0;0
53875128;Gone Home;purchase;1.0;0
53875128;Gotham City Impostors Free To Play;purchase;1.0;0
53875128;Gothic;purchase;1.0;0
53875128;Gothic 3;purchase;1.0;0
53875128;Gothic II Gold Edition;purchase;1.0;0
53875128;GRID;purchase;1.0;0
53875128;GRID 2 GTR Racing Pack;purchase;1.0;0
53875128;Guacamelee! Gold Edition;purchase;1.0;0
53875128;Guardians of Middle-earth;purchase;1.0;0
53875128;Half-Life;purchase;1.0;0
53875128;Half-Life 2 Deathmatch;purchase;1.0;0
53875128;Half-Life 2 Update;purchase;1.0;0
53875128;Half-Life Source;purchase;1.0;0
53875128;Hammerwatch;purchase;1.0;0
53875128;Hero Siege;purchase;1.0;0
53875128;Hitman 2 Silent Assassin;purchase;1.0;0
53875128;Hitman Absolution;purchase;1.0;0
53875128;Hitman Blood Money;purchase;1.0;0
53875128;Hitman Codename 47;purchase;1.0;0
53875128;Hitman Contracts;purchase;1.0;0
53875128;Hitman Sniper Challenge;purchase;1.0;0
53875128;How to Survive;purchase;1.0;0
53875128;I am Bread;purchase;1.0;0
53875128;Injustice Gods Among Us Ultimate Edition;purchase;1.0;0
53875128;INK - Soundtrack + Art;purchase;1.0;0
53875128;Ittle Dew;purchase;1.0;0
53875128;Jack Lumber;purchase;1.0;0
53875128;Jazzpunk;purchase;1.0;0
53875128;Just Cause;purchase;1.0;0
53875128;Kane & Lynch 2 Dog Days;purchase;1.0;0
53875128;Kerbal Space Program;purchase;1.0;0
53875128;Killer is Dead;purchase;1.0;0
53875128;Killing Floor;purchase;1.0;0
53875128;Killing Floor Mod Defence Alliance 2;purchase;1.0;0
53875128;Kingdoms of Amalur Reckoning;purchase;1.0;0
53875128;Labyrinthine Dreams;purchase;1.0;0
53875128;Lara Croft and the Guardian of Light;purchase;1.0;0
53875128;Last Word;purchase;1.0;0
53875128;Legends of Persia;purchase;1.0;0
53875128;LEGO Batman The Videogame;purchase;1.0;0
53875128;LEGO Harry Potter Years 5-7;purchase;1.0;0
53875128;LEGO MARVEL Super Heroes;purchase;1.0;0
53875128;LIMBO;purchase;1.0;0
53875128;LISA;purchase;1.0;0
53875128;Little Inferno;purchase;1.0;0
53875128;Magicka;purchase;1.0;0
53875128;Mass Effect 2;purchase;1.0;0
53875128;Max Payne 3;purchase;1.0;0
53875128;Mechanic Escape;purchase;1.0;0
53875128;Medal of Honor(TM) Multiplayer;purchase;1.0;0
53875128;Medal of Honor(TM) Single Player;purchase;1.0;0
53875128;Medal of Honor Pre-Order;purchase;1.0;0
53875128;Mercenary Kings;purchase;1.0;0
53875128;METAL SLUG 3;purchase;1.0;0
53875128;Metro 2033 Redux;purchase;1.0;0
53875128;Mini Ninjas;purchase;1.0;0
53875128;Mitsurugi Kamui Hikae;purchase;1.0;0
53875128;Mortal Kombat Kollection;purchase;1.0;0
53875128;MURDERED SOUL SUSPECT;purchase;1.0;0
53875128;Need for Speed Undercover;purchase;1.0;0
53875128;Never Alone (Kisima Ingitchuna);purchase;1.0;0
53875128;Never Alone Original Soundtrack;purchase;1.0;0
53875128;Neverending Nightmares;purchase;1.0;0
53875128;Nosgoth;purchase;1.0;0
53875128;One Way Heroics;purchase;1.0;0
53875128;Ori and the Blind Forest (Original Soundtrack);purchase;1.0;0
53875128;Outland;purchase;1.0;0
53875128;Papers, Please;purchase;1.0;0
53875128;PAYDAY 2;purchase;1.0;0
53875128;PAYDAY The Heist;purchase;1.0;0
53875128;Penny Arcade's On the Rain-Slick Precipice of Darkness 3;purchase;1.0;0
53875128;Pixel Heroes Byte & Magic;purchase;1.0;0
53875128;Pixel Piracy;purchase;1.0;0
53875128;Polarity;purchase;1.0;0
53875128;POSTAL 2;purchase;1.0;0
53875128;Project Temporality;purchase;1.0;0
53875128;Psychonauts Demo;purchase;1.0;0
53875128;RAGE;purchase;1.0;0
53875128;Rebuild Gangs of Deadsville - Deluxe DLC;purchase;1.0;0
53875128;Red Faction Armageddon;purchase;1.0;0
53875128;Red Faction Guerrilla Steam Edition;purchase;1.0;0
53875128;Remember Me;purchase;1.0;0
53875128;Remnants Of Isolation;purchase;1.0;0
53875128;resident evil 4 / biohazard 4;purchase;1.0;0
53875128;Resident Evil 5 / Biohazard 5;purchase;1.0;0
53875128;Resident Evil Revelations / Biohazard Revelations;purchase;1.0;0
53875128;Rochard;purchase;1.0;0
53875128;RollerCoaster Tycoon 3 Platinum!;purchase;1.0;0
53875128;RPG Maker Luna Engine;purchase;1.0;0
53875128;RPG Maker VX Ace;purchase;1.0;0
53875128;Saints Row Gat out of Hell;purchase;1.0;0
53875128;Screencheat;purchase;1.0;0
53875128;Scribblenauts Unlimited;purchase;1.0;0
53875128;Serious Sam 3 BFE;purchase;1.0;0
53875128;Shadowgrounds Survivor;purchase;1.0;0
53875128;Shadowrun Dragonfall - Director's Cut;purchase;1.0;0
53875128;Shadowrun Returns;purchase;1.0;0
53875128;Shadow Warrior;purchase;1.0;0
53875128;Shank;purchase;1.0;0
53875128;Shantae Risky's Revenge - Director's Cut;purchase;1.0;0
53875128;Sins of a Solar Empire Rebellion;purchase;1.0;0
53875128;Sins of a Solar Empire Rebellion Soundtrack;purchase;1.0;0
53875128;Skullgirls Endless Beta;purchase;1.0;0
53875128;Skulls of the Shogun;purchase;1.0;0
53875128;Sonic Adventure 2 Battle Mode DLC;purchase;1.0;0
53875128;Sonic CD;purchase;1.0;0
53875128;Space Engineers;purchase;1.0;0
53875128;Spiral Knights;purchase;1.0;0
53875128;Sprite Lamp;purchase;1.0;0
53875128;Spriter Pro;purchase;1.0;0
53875128;Star Wars - Battlefront II;purchase;1.0;0
53875128;Star Wars - Jedi Knight Mysteries of the Sith;purchase;1.0;0
53875128;Star Wars - Jedi Knight II Jedi Outcast;purchase;1.0;0
53875128;Star Wars Dark Forces;purchase;1.0;0
53875128;Star Wars Empire at War Gold;purchase;1.0;0
53875128;Star Wars Knights of the Old Republic;purchase;1.0;0
53875128;Star Wars The Force Unleashed II;purchase;1.0;0
53875128;Star Wars The Force Unleashed Ultimate Sith Edition;purchase;1.0;0
53875128;Star Wars Jedi Knight Dark Forces II;purchase;1.0;0
53875128;Star Wars Jedi Knight Jedi Academy;purchase;1.0;0
53875128;Star Wars Republic Commando;purchase;1.0;0
53875128;Star Wars Starfighter;purchase;1.0;0
53875128;Star Wars The Clone Wars Republic Heroes;purchase;1.0;0
53875128;State of Decay;purchase;1.0;0
53875128;Survivalist;purchase;1.0;0
53875128;Syberia;purchase;1.0;0
53875128;Syberia 2;purchase;1.0;0
53875128;Terraria;purchase;1.0;0
53875128;The Banner Saga;purchase;1.0;0
53875128;The Banner Saga - Mod Content;purchase;1.0;0
53875128;The Beginner's Guide;purchase;1.0;0
53875128;The Binding of Isaac Rebirth;purchase;1.0;0
53875128;The Bridge;purchase;1.0;0
53875128;The Cat Lady;purchase;1.0;0
53875128;The Elder Scrolls V Skyrim;purchase;1.0;0
53875128;The Incredible Adventures of Van Helsing II;purchase;1.0;0
53875128;The Last Remnant;purchase;1.0;0
53875128;The Long Dark;purchase;1.0;0
53875128;The Lord of the Rings War in the North;purchase;1.0;0
53875128;The Swapper;purchase;1.0;0
53875128;The Talos Principle Road To Gehenna;purchase;1.0;0
53875128;The Vanishing of Ethan Carter Redux;purchase;1.0;0
53875128;The Witcher 2 Assassins of Kings Enhanced Edition;purchase;1.0;0
53875128;The Witcher 3 Wild Hunt;purchase;1.0;0
53875128;The Wolf Among Us;purchase;1.0;0
53875128;Thief;purchase;1.0;0
53875128;Thief Gold;purchase;1.0;0
53875128;This War of Mine;purchase;1.0;0
53875128;Thomas Was Alone;purchase;1.0;0
53875128;Tiny and Big Grandpa's Leftovers;purchase;1.0;0
53875128;Titan Quest;purchase;1.0;0
53875128;Titan Quest Immortal Throne;purchase;1.0;0
53875128;Tomb Raider;purchase;1.0;0
53875128;Torchlight;purchase;1.0;0
53875128;Toribash;purchase;1.0;0
53875128;Total War SHOGUN 2;purchase;1.0;0
53875128;Transistor;purchase;1.0;0
53875128;Transistor Soundtrack;purchase;1.0;0
53875128;TRI Of Friendship and Madness;purchase;1.0;0
53875128;TypeRider;purchase;1.0;0
53875128;Undertale;purchase;1.0;0
53875128;Unholy Heights;purchase;1.0;0
53875128;Unturned;purchase;1.0;0
53875128;Valkyria Chronicles Challenge of the Edy Detachment;purchase;1.0;0
53875128;Valkyria Chronicles Edy's Mission Enter the Edy Detachment;purchase;1.0;0
53875128;Valkyria Chronicles Hard EX Mode;purchase;1.0;0
53875128;Valkyria Chronicles Selveria's Mission Behind Her Blue Flame;purchase;1.0;0
53875128;Vessel;purchase;1.0;0
53875128;Viscera Cleanup Detail Shadow Warrior;purchase;1.0;0
53875128;VVVVVV;purchase;1.0;0
53875128;Warhammer 40,000 Dawn of War - Game of the Year Edition;purchase;1.0;0
53875128;Whisper of a Rose;purchase;1.0;0
53875128;Wizorb;purchase;1.0;0
53875128;Wrack;purchase;1.0;0
53875128;Ys Origin;purchase;1.0;0
53875128;Zen Bound 2;purchase;1.0;0
234941318;Strife;purchase;1.0;0
140954425;Team Fortress 2;purchase;1.0;0
140954425;Team Fortress 2;play;13.0;0
26122540;Call of Duty Modern Warfare 2 - Multiplayer;purchase;1.0;0
26122540;Call of Duty Modern Warfare 2 - Multiplayer;play;92.0;0
26122540;Call of Duty Modern Warfare 2;purchase;1.0;0
26122540;Call of Duty Modern Warfare 2;play;47.0;0
26122540;Call of Duty Black Ops - Multiplayer;purchase;1.0;0
26122540;Call of Duty Black Ops - Multiplayer;play;22.0;0
26122540;Counter-Strike Source;purchase;1.0;0
26122540;Counter-Strike Source;play;10.3;0
26122540;Dungeon Defenders;purchase;1.0;0
26122540;Dungeon Defenders;play;6.8;0
26122540;Call of Duty Black Ops;purchase;1.0;0
26122540;Call of Duty Black Ops;play;3.1;0
26122540;Day of Defeat Source;purchase;1.0;0
26122540;Day of Defeat Source;play;1.1;0
26122540;ArcheAge;purchase;1.0;0
26122540;Half-Life 2 Deathmatch;purchase;1.0;0
26122540;Half-Life 2 Lost Coast;purchase;1.0;0
176410694;Dota 2;purchase;1.0;0
176410694;Dota 2;play;9.1;0
197278511;Dota 2;purchase;1.0;0
197278511;Dota 2;play;0.5;0
150128162;Team Fortress 2;purchase;1.0;0
150128162;Team Fortress 2;play;42.0;0
197455089;Dota 2;purchase;1.0;0
197455089;Dota 2;play;3.4;0
63024728;Empire Total War;purchase;1.0;0
63024728;Empire Total War;play;42.0;0
297811211;ARK Survival Evolved;purchase;1.0;0
297811211;ARK Survival Evolved;play;29.0;0
297811211;Team Fortress 2;purchase;1.0;0
297811211;Team Fortress 2;play;10.1;0
297811211;Unturned;purchase;1.0;0
297811211;Unturned;play;5.6;0
76933274;Alien Swarm;purchase;1.0;0
76933274;Alien Swarm;play;1.0;0
218323237;Dota 2;purchase;1.0;0
218323237;Dota 2;play;14.8;0
218323237;Tomb Raider;purchase;1.0;0
218323237;Tomb Raider;play;8.8;0
218323237;TERA;purchase;1.0;0
218323237;TERA;play;0.9;0
302186258;Dota 2;purchase;1.0;0
302186258;Dota 2;play;4.2;0
126340495;Dota 2;purchase;1.0;0
126340495;Dota 2;play;1784.0;0
126340495;Counter-Strike Global Offensive;purchase;1.0;0
126340495;Counter-Strike Global Offensive;play;626.0;0
126340495;Counter-Strike Source;purchase;1.0;0
126340495;Counter-Strike Source;play;176.0;0
126340495;Rust;purchase;1.0;0
126340495;Rust;play;69.0;0
126340495;Saints Row IV;purchase;1.0;0
126340495;Saints Row IV;play;48.0;0
126340495;Team Fortress 2;purchase;1.0;0
126340495;Team Fortress 2;play;16.1;0
126340495;Dead Island Riptide;purchase;1.0;0
126340495;Dead Island Riptide;play;13.6;0
126340495;Flatout 3;purchase;1.0;0
126340495;Flatout 3;play;11.7;0
126340495;Garry's Mod;purchase;1.0;0
126340495;Garry's Mod;play;10.2;0
126340495;Counter-Strike Nexon Zombies;purchase;1.0;0
126340495;Counter-Strike Nexon Zombies;play;5.8;0
126340495;Outlast;purchase;1.0;0
126340495;Outlast;play;4.1;0
126340495;Robocraft;purchase;1.0;0
126340495;Robocraft;play;2.3;0
126340495;Far Cry 3;purchase;1.0;0
126340495;Far Cry 3;play;2.2;0
126340495;Everlasting Summer;purchase;1.0;0
126340495;Everlasting Summer;play;0.6;0
126340495;Dead Island Epidemic;purchase;1.0;0
126340495;Dead Island Epidemic;play;0.6;0
126340495;War Thunder;purchase;1.0;0
126340495;War Thunder;play;0.4;0
126340495;DCS World;purchase;1.0;0
126340495;DCS World;play;0.3;0
126340495;Fishing Planet;purchase;1.0;0
126340495;Cannons Lasers Rockets;purchase;1.0;0
126340495;Dragon Nest Europe;purchase;1.0;0
126340495;Loadout;purchase;1.0;0
126340495;Neverwinter;purchase;1.0;0
126340495;No More Room in Hell;purchase;1.0;0
126340495;Nosgoth;purchase;1.0;0
126340495;RIFT;purchase;1.0;0
126340495;Tactical Intervention;purchase;1.0;0
126340495;Unturned;purchase;1.0;0
126340495;Warframe;purchase;1.0;0
126340495;Zombies Monsters Robots;purchase;1.0;0
256193015;Toribash;purchase;1.0;0
194895541;Dota 2;purchase;1.0;0
194895541;Dota 2;play;1.1;0
194895541;Tactical Intervention;purchase;1.0;0
194895541;Tactical Intervention;play;0.4;0
30007387;Half-Life 2 Deathmatch;purchase;1.0;0
30007387;Half-Life 2 Lost Coast;purchase;1.0;0
170625356;Dota 2;purchase;1.0;0
170625356;Dota 2;play;7.4;0
159538705;Left 4 Dead 2;purchase;1.0;0
167362888;Dota 2;purchase;1.0;0
167362888;Dota 2;play;135.0;0
208649703;Counter-Strike Global Offensive;purchase;1.0;0
208649703;Counter-Strike Global Offensive;play;125.0;0
208649703;Counter-Strike Nexon Zombies;purchase;1.0;0
208649703;Clicker Heroes;purchase;1.0;0
208649703;Unturned;purchase;1.0;0
299889828;Crusaders of the Lost Idols;purchase;1.0;0
299889828;GASP;purchase;1.0;0
225987202;Dota 2;purchase;1.0;0
225987202;Dota 2;play;3.8;0
195071563;Dota 2;purchase;1.0;0
195071563;Dota 2;play;6.2;0
254906420;Team Fortress 2;purchase;1.0;0
254906420;Team Fortress 2;play;1.2;0
247160953;Dota 2;purchase;1.0;0
247160953;Dota 2;play;1.9;0
308653033;Unturned;purchase;1.0;0
308653033;Unturned;play;0.6;0
308653033;theHunter;purchase;1.0;0
144138643;Dota 2;purchase;1.0;0
144138643;Dota 2;play;5.2;0
197902002;Unturned;purchase;1.0;0
97298878;Medal of Honor(TM) Multiplayer;purchase;1.0;0
97298878;Medal of Honor(TM) Multiplayer;play;44.0;0
97298878;Max Payne 2 The Fall of Max Payne;purchase;1.0;0
97298878;Max Payne 2 The Fall of Max Payne;play;32.0;0
97298878;Middle-earth Shadow of Mordor;purchase;1.0;0
97298878;Middle-earth Shadow of Mordor;play;26.0;0
97298878;Mafia II;purchase;1.0;0
97298878;Mafia II;play;15.9;0
97298878;Nosgoth;purchase;1.0;0
97298878;Nosgoth;play;15.8;0
97298878;Race The Sun;purchase;1.0;0
97298878;Race The Sun;play;10.5;0
97298878;Space Pirates and Zombies;purchase;1.0;0
97298878;Space Pirates and Zombies;play;9.5;0
97298878;Revenge of the Titans;purchase;1.0;0
97298878;Revenge of the Titans;play;9.2;0
97298878;Team Fortress 2;purchase;1.0;0
97298878;Team Fortress 2;play;9.0;0
97298878;Dota 2;purchase;1.0;0
97298878;Dota 2;play;8.6;0
97298878;A Virus Named TOM;purchase;1.0;0
97298878;A Virus Named TOM;play;8.3;0
97298878;Europa Universalis III;purchase;1.0;0
97298878;Europa Universalis III;play;8.3;0
97298878;Awesomenauts;purchase;1.0;0
97298878;Awesomenauts;play;8.2;0
97298878;Super Puzzle Platformer Deluxe;purchase;1.0;0
97298878;Super Puzzle Platformer Deluxe;play;5.9;0
97298878;Super Meat Boy;purchase;1.0;0
97298878;Super Meat Boy;play;4.7;0
97298878;LIMBO;purchase;1.0;0
97298878;LIMBO;play;1.3;0
97298878;Mark of the Ninja;purchase;1.0;0
97298878;Mark of the Ninja;play;0.9;0
97298878;Burnout Paradise The Ultimate Box;purchase;1.0;0
97298878;Burnout Paradise The Ultimate Box;play;0.6;0
97298878;Mirror's Edge;purchase;1.0;0
97298878;Mirror's Edge;play;0.5;0
97298878;Crysis 2 Maximum Edition;purchase;1.0;0
97298878;Crysis 2 Maximum Edition;play;0.5;0
